{"chip1":{"raw_time":1502442520.485802,"x-coordinate":0.9544661546696361,"y-coordinate":0.31789837383314484,"z-coordinate":2.918615546773503}}